File Name, Time Index, Peak Frequency (Hz), Frequency Error, Thermal Diffusivity (m2/s), Thermal Error, Tau\n
./CF3-Moar-Data-1.5kh-290C-06.40um-spot0-POS-1.txt,1.820000E+02,3.868546E+08,1.869853E+04,3.364662E-06,2.605268E-08,1.152827E-08,2.834041E-08,1.302422E-08
./CF3-Moar-Data-1.5kh-290C-06.40um-spot1-POS-1.txt,1.820000E+02,3.878898E+08,3.081916E+04,3.505457E-06,2.643098E-08,8.640100E-09,2.826478E-08,1.087313E-08
./CF3-Moar-Data-1.5kh-290C-06.40um-spot10-POS-1.txt,1.820000E+02,4.880514E+08,2.427169E+04,4.010502E-06,7.529853E-08,8.278249E-09,2.246406E-08,1.038868E-08
./CF3-Moar-Data-1.5kh-290C-06.40um-spot11-POS-1.txt,1.830000E+02,3.743160E+08,4.552648E+03,3.629803E-06,5.364102E-08,2.205411E-08,2.928973E-08,2.335406E-08
./CF3-Moar-Data-1.5kh-290C-06.40um-spot12-POS-1.txt,1.820000E+02,3.707161E+08,3.260869E+03,3.489877E-06,6.101033E-08,2.587900E-08,2.957416E-08,2.907656E-08
./CF3-Moar-Data-1.5kh-290C-06.40um-spot13-POS-1.txt,1.810000E+02,3.716890E+08,3.697551E+03,3.440323E-06,5.619114E-08,2.244211E-08,2.949675E-08,2.365402E-08
./CF3-Moar-Data-1.5kh-290C-06.40um-spot14-POS-1.txt,1.830000E+02,3.731044E+08,4.488230E+03,3.566336E-06,5.762036E-08,2.256215E-08,2.938485E-08,2.387706E-08
./CF3-Moar-Data-1.5kh-290C-06.40um-spot15-POS-1.txt,1.830000E+02,4.804321E+08,1.363415E+04,3.410122E-06,6.501156E-08,1.289656E-08,2.282033E-08,1.606850E-08
./CF3-Moar-Data-1.5kh-290C-06.40um-spot16-POS-1.txt,1.820000E+02,4.811345E+08,4.082022E+03,3.538118E-06,5.606868E-08,1.404810E-08,2.278701E-08,1.529044E-08
./CF3-Moar-Data-1.5kh-290C-06.40um-spot17-POS-1.txt,1.830000E+02,4.803335E+08,4.705665E+03,3.670994E-06,5.643011E-08,1.461459E-08,2.282501E-08,1.586992E-08
./CF3-Moar-Data-1.5kh-290C-06.40um-spot18-POS-1.txt,1.820000E+02,3.439031E+08,7.109765E+03,4.052629E-06,3.824919E-08,2.442936E-08,3.187996E-08,2.513335E-08
./CF3-Moar-Data-1.5kh-290C-06.40um-spot19-POS-1.txt,1.820000E+02,3.462413E+08,8.682431E+03,3.982908E-06,3.453309E-08,1.937161E-08,3.166467E-08,2.190110E-08
./CF3-Moar-Data-1.5kh-290C-06.40um-spot2-POS-1.txt,1.820000E+02,3.485562E+08,8.951510E+03,3.842167E-06,2.862941E-08,1.623152E-08,3.145438E-08,1.643902E-08
./CF3-Moar-Data-1.5kh-290C-06.40um-spot20-POS-1.txt,1.830000E+02,3.434099E+08,3.464024E+04,3.536807E-06,7.450129E-08,1.356130E-08,3.192574E-08,2.083239E-08
./CF3-Moar-Data-1.5kh-290C-06.40um-spot21-POS-1.txt,1.810000E+02,3.464909E+08,8.292806E+03,4.234698E-06,3.366815E-08,2.134873E-08,3.164186E-08,2.254068E-08
./CF3-Moar-Data-1.5kh-290C-06.40um-spot22-POS-1.txt,1.810000E+02,3.989680E+08,3.502451E+05,3.239061E-06,7.062493E-08,1.591549E-09,2.747995E-08,1.878971E-08
./CF3-Moar-Data-1.5kh-290C-06.40um-spot23-POS-1.txt,1.830000E+02,4.051064E+08,1.833153E+04,3.858373E-06,1.038707E-07,1.783502E-08,2.706355E-08,2.714252E-08
./CF3-Moar-Data-1.5kh-290C-06.40um-spot24-POS-1.txt,1.810000E+02,4.940404E+08,1.967280E+04,3.763635E-06,9.567586E-08,1.383653E-08,2.219174E-08,1.914443E-08
./CF3-Moar-Data-1.5kh-290C-06.40um-spot25-POS-1.txt,1.820000E+02,4.911124E+08,1.921699E+04,3.835532E-06,9.263245E-08,1.362375E-08,2.232405E-08,1.696795E-08
./CF3-Moar-Data-1.5kh-290C-06.40um-spot26-POS-1.txt,1.830000E+02,4.061448E+08,1.234386E+04,3.928594E-06,1.159537E-07,2.406743E-08,2.699435E-08,3.666578E-08
./CF3-Moar-Data-1.5kh-290C-06.40um-spot27-POS-1.txt,1.820000E+02,4.937483E+08,1.582762E+04,3.813386E-06,3.511139E-08,1.321658E-08,2.220487E-08,1.668934E-08
./CF3-Moar-Data-1.5kh-290C-06.40um-spot28-POS-1.txt,1.810000E+02,4.057966E+08,2.485485E+04,4.132961E-06,4.326090E-08,2.125561E-08,2.701752E-08,3.368074E-08
./CF3-Moar-Data-1.5kh-290C-06.40um-spot29-POS-1.txt,1.820000E+02,4.763580E+08,1.040118E+04,3.482800E-06,2.985212E-08,1.491988E-08,2.301550E-08,1.680915E-08
./CF3-Moar-Data-1.5kh-290C-06.40um-spot3-POS-1.txt,1.820000E+02,3.874213E+08,5.122247E+04,3.832758E-06,2.442569E-08,7.893534E-09,2.829895E-08,7.574715E-09
./CF3-Moar-Data-1.5kh-290C-06.40um-spot30-POS-1.txt,1.820000E+02,4.039801E+08,3.251980E+04,3.796127E-06,9.674240E-08,1.584525E-08,2.713900E-08,2.768819E-08
./CF3-Moar-Data-1.5kh-290C-06.40um-spot31-POS-1.txt,1.810000E+02,3.367330E+08,1.722178E+04,3.828593E-06,3.394350E-08,1.537515E-08,3.255879E-08,1.661959E-08
./CF3-Moar-Data-1.5kh-290C-06.40um-spot32-POS-1.txt,1.820000E+02,3.392438E+08,1.338316E+04,3.685782E-06,3.330515E-08,1.774563E-08,3.231781E-08,1.903686E-08
./CF3-Moar-Data-1.5kh-290C-06.40um-spot33-POS-1.txt,1.820000E+02,3.411726E+08,1.118774E+04,3.809476E-06,3.433282E-08,2.097248E-08,3.213510E-08,2.060991E-08
./CF3-Moar-Data-1.5kh-290C-06.40um-spot34-POS-1.txt,1.830000E+02,3.685107E+08,5.403849E+03,3.998915E-06,4.932025E-08,1.925874E-08,2.975115E-08,2.020467E-08
./CF3-Moar-Data-1.5kh-290C-06.40um-spot35-POS-1.txt,1.830000E+02,3.703079E+08,3.636652E+03,3.643151E-06,5.384009E-08,2.331389E-08,2.960676E-08,2.550514E-08
./CF3-Moar-Data-1.5kh-290C-06.40um-spot36-POS-1.txt,1.830000E+02,3.950520E+08,7.919514E+03,3.448044E-06,6.024478E-08,1.285950E-08,2.775234E-08,1.433610E-08
./CF3-Moar-Data-1.5kh-290C-06.40um-spot37-POS-1.txt,1.830000E+02,3.965443E+08,5.267468E+03,3.478380E-06,6.225298E-08,1.890142E-08,2.764790E-08,2.208033E-08
./CF3-Moar-Data-1.5kh-290C-06.40um-spot38-POS-1.txt,1.820000E+02,4.909175E+08,2.964110E+04,3.769593E-06,6.224828E-08,7.744054E-09,2.233291E-08,1.014416E-08
./CF3-Moar-Data-1.5kh-290C-06.40um-spot39-POS-1.txt,1.830000E+02,3.529348E+08,4.227910E+03,3.724088E-06,6.490572E-08,2.154193E-08,3.106414E-08,2.251447E-08
./CF3-Moar-Data-1.5kh-290C-06.40um-spot4-POS-1.txt,1.830000E+02,3.865171E+08,5.509731E+03,3.384094E-06,6.177518E-08,1.718293E-08,2.836515E-08,1.905026E-08
./CF3-Moar-Data-1.5kh-290C-06.40um-spot5-POS-1.txt,1.820000E+02,3.890473E+08,4.150791E+04,3.870506E-06,6.556207E-08,1.128880E-08,2.818068E-08,1.795588E-08
./CF3-Moar-Data-1.5kh-290C-06.40um-spot6-POS-1.txt,1.830000E+02,3.901455E+08,5.073863E+04,3.523335E-06,6.847847E-08,8.267310E-09,2.810135E-08,1.256244E-08
./CF3-Moar-Data-1.5kh-290C-06.40um-spot7-POS-1.txt,1.830000E+02,3.803355E+08,1.449073E+05,3.825304E-06,5.510171E-08,2.817964E-09,2.882617E-08,5.227388E-09
./CF3-Moar-Data-1.5kh-290C-06.40um-spot8-POS-1.txt,1.820000E+02,3.521608E+08,3.827684E+03,3.396434E-06,5.339194E-08,1.896738E-08,3.113241E-08,1.948942E-08
./CF3-Moar-Data-1.5kh-290C-06.40um-spot9-POS-1.txt,1.820000E+02,4.585461E+08,2.839612E+05,3.567954E-06,6.486393E-08,1.591549E-09,2.390952E-08,9.110920E-09
./CF3-Moar-Data-1.5kh-330C-06.40um-spot0-POS-1.txt,1.820000E+02,3.842825E+08,3.411828E+05,3.994999E-06,7.359269E-08,1.591549E-09,2.853010E-08,7.319973E-09
./CF3-Moar-Data-1.5kh-330C-06.40um-spot1-POS-1.txt,1.820000E+02,3.814532E+08,1.320807E+04,4.181321E-06,8.390932E-08,1.818273E-08,2.874171E-08,1.918335E-08
./CF3-Moar-Data-1.5kh-330C-06.40um-spot10-POS-1.txt,1.810000E+02,4.160244E+08,7.346736E+03,3.834929E-06,1.024606E-07,2.253847E-08,2.635330E-08,3.066165E-08
./CF3-Moar-Data-1.5kh-330C-06.40um-spot11-POS-1.txt,1.810000E+02,4.636598E+08,6.308966E+03,4.054159E-06,7.650692E-08,1.773259E-08,2.364582E-08,1.975935E-08
./CF3-Moar-Data-1.5kh-330C-06.40um-spot12-POS-1.txt,1.820000E+02,3.926719E+08,1.684468E+04,3.415466E-06,2.957015E-08,9.244543E-09,2.792055E-08,1.039987E-08
./CF3-Moar-Data-1.5kh-330C-06.40um-spot13-POS-1.txt,1.830000E+02,3.903275E+08,1.082003E+04,3.584027E-06,2.954545E-08,1.383837E-08,2.808825E-08,1.452898E-08
./CF3-Moar-Data-1.5kh-330C-06.40um-spot14-POS-1.txt,1.820000E+02,3.901969E+08,1.343775E+04,3.444278E-06,3.364232E-08,1.420550E-08,2.809765E-08,1.451131E-08
./CF3-Moar-Data-1.5kh-330C-06.40um-spot15-POS-1.txt,1.820000E+02,3.941211E+08,2.059142E+04,3.530355E-06,2.967882E-08,8.514437E-09,2.781789E-08,9.471572E-09
./CF3-Moar-Data-1.5kh-330C-06.40um-spot16-POS-1.txt,1.820000E+02,3.965392E+08,1.263288E+04,3.603192E-06,2.829011E-08,9.439191E-09,2.764826E-08,1.034367E-08
./CF3-Moar-Data-1.5kh-330C-06.40um-spot17-POS-1.txt,1.820000E+02,3.951377E+08,1.867995E+04,3.741055E-06,3.304944E-08,9.716949E-09,2.774632E-08,1.099076E-08
./CF3-Moar-Data-1.5kh-330C-06.40um-spot18-POS-1.txt,1.820000E+02,3.982384E+08,1.933097E+04,3.672764E-06,3.208369E-08,9.046175E-09,2.753029E-08,1.163511E-08
./CF3-Moar-Data-1.5kh-330C-06.40um-spot19-POS-1.txt,1.820000E+02,3.996784E+08,4.742776E+03,4.062332E-06,6.190078E-08,1.815734E-08,2.743110E-08,1.934714E-08
./CF3-Moar-Data-1.5kh-330C-06.40um-spot2-POS-1.txt,1.820000E+02,3.867645E+08,2.072664E+04,4.038216E-06,3.515746E-08,1.381153E-08,2.834701E-08,1.506335E-08
./CF3-Moar-Data-1.5kh-330C-06.40um-spot20-POS-1.txt,1.820000E+02,4.025323E+08,4.726231E+03,3.911019E-06,6.135425E-08,1.800667E-08,2.723661E-08,2.190963E-08
./CF3-Moar-Data-1.5kh-330C-06.40um-spot21-POS-1.txt,1.820000E+02,4.027336E+08,2.490267E+05,3.606024E-06,7.131593E-08,1.884187E-09,2.722300E-08,1.360685E-08
./CF3-Moar-Data-1.5kh-330C-06.40um-spot22-POS-1.txt,1.820000E+02,4.756920E+08,3.015567E+03,3.555921E-06,5.349442E-08,1.959291E-08,2.304772E-08,2.204779E-08
./CF3-Moar-Data-1.5kh-330C-06.40um-spot23-POS-1.txt,1.830000E+02,4.761091E+08,3.983872E+03,3.416537E-06,6.809575E-08,1.915565E-08,2.302753E-08,2.211837E-08
./CF3-Moar-Data-1.5kh-330C-06.40um-spot24-POS-1.txt,1.820000E+02,3.331291E+08,1.172821E+04,3.469348E-06,7.868860E-08,1.983687E-08,3.291102E-08,2.024263E-08
./CF3-Moar-Data-1.5kh-330C-06.40um-spot25-POS-1.txt,1.830000E+02,3.340527E+08,4.889574E+03,3.745495E-06,8.491365E-08,2.568494E-08,3.282003E-08,2.702548E-08
./CF3-Moar-Data-1.5kh-330C-06.40um-spot26-POS-1.txt,1.820000E+02,3.354409E+08,5.388024E+03,3.783387E-06,9.208157E-08,2.494656E-08,3.268420E-08,2.688746E-08
./CF3-Moar-Data-1.5kh-330C-06.40um-spot27-POS-1.txt,1.820000E+02,3.331980E+08,4.388448E+03,3.919802E-06,3.996370E-08,2.662292E-08,3.290421E-08,2.908578E-08
./CF3-Moar-Data-1.5kh-330C-06.40um-spot28-POS-1.txt,1.830000E+02,3.327982E+08,3.797092E+03,3.615431E-06,3.845838E-08,2.960087E-08,3.294374E-08,3.189626E-08
./CF3-Moar-Data-1.5kh-330C-06.40um-spot29-POS-1.txt,1.830000E+02,3.564221E+08,2.245480E+05,3.771642E-06,3.867535E-08,2.071811E-09,3.076021E-08,5.000036E-09
./CF3-Moar-Data-1.5kh-330C-06.40um-spot3-POS-1.txt,1.810000E+02,4.157004E+08,7.980317E+03,4.184969E-06,7.831154E-08,1.750544E-08,2.637384E-08,2.263961E-08
./CF3-Moar-Data-1.5kh-330C-06.40um-spot30-POS-1.txt,1.820000E+02,4.161885E+08,2.442550E+04,3.500398E-06,7.416184E-08,1.988491E-08,2.634291E-08,3.106114E-08
./CF3-Moar-Data-1.5kh-330C-06.40um-spot31-POS-1.txt,1.820000E+02,4.099215E+08,3.754940E+03,3.387421E-06,6.257847E-08,2.005798E-08,2.674565E-08,2.111079E-08
./CF3-Moar-Data-1.5kh-330C-06.40um-spot32-POS-1.txt,1.830000E+02,4.110059E+08,1.056503E+04,3.670415E-06,7.348972E-08,1.147265E-08,2.667508E-08,1.149790E-08
./CF3-Moar-Data-1.5kh-330C-06.40um-spot33-POS-1.txt,1.820000E+02,4.156034E+08,1.153394E+04,3.773227E-06,6.473349E-08,1.094876E-08,2.638000E-08,1.134197E-08
./CF3-Moar-Data-1.5kh-330C-06.40um-spot34-POS-1.txt,1.810000E+02,4.148733E+08,7.980908E+03,3.547537E-06,6.666759E-08,1.326308E-08,2.642643E-08,1.326740E-08
./CF3-Moar-Data-1.5kh-330C-06.40um-spot35-POS-1.txt,1.820000E+02,3.577697E+08,2.636288E+05,3.413455E-06,6.907740E-08,1.591549E-09,3.064434E-08,2.081385E-08
./CF3-Moar-Data-1.5kh-330C-06.40um-spot36-POS-1.txt,1.820000E+02,3.409176E+08,1.049793E+04,3.947779E-06,3.555162E-08,1.570938E-08,3.215914E-08,1.496279E-08
./CF3-Moar-Data-1.5kh-330C-06.40um-spot37-POS-1.txt,1.810000E+02,3.404996E+08,1.155391E+04,3.812156E-06,3.549520E-08,1.590021E-08,3.219862E-08,1.512951E-08
./CF3-Moar-Data-1.5kh-330C-06.40um-spot38-POS-1.txt,1.840000E+02,3.387418E+08,9.409839E+03,3.768493E-06,3.423951E-08,1.685809E-08,3.236570E-08,1.640709E-08
./CF3-Moar-Data-1.5kh-330C-06.40um-spot39-POS-1.txt,1.830000E+02,3.345414E+08,1.197921E+04,3.386434E-06,3.050159E-08,1.416679E-08,3.277208E-08,1.467489E-08
./CF3-Moar-Data-1.5kh-330C-06.40um-spot4-POS-1.txt,1.820000E+02,4.154299E+08,5.886401E+03,3.761745E-06,8.408683E-08,1.990082E-08,2.639102E-08,2.550598E-08
./CF3-Moar-Data-1.5kh-330C-06.40um-spot5-POS-1.txt,1.820000E+02,4.162691E+08,5.450649E+03,3.915534E-06,7.899325E-08,2.137764E-08,2.633781E-08,2.628615E-08
./CF3-Moar-Data-1.5kh-330C-06.40um-spot6-POS-1.txt,1.820000E+02,4.143555E+08,5.845653E+03,3.833974E-06,6.642229E-08,2.009893E-08,2.645944E-08,2.447002E-08
./CF3-Moar-Data-1.5kh-330C-06.40um-spot7-POS-1.txt,1.830000E+02,4.157499E+08,6.148368E+03,3.861234E-06,7.456323E-08,1.961899E-08,2.637070E-08,2.458131E-08
./CF3-Moar-Data-1.5kh-330C-06.40um-spot8-POS-1.txt,1.830000E+02,4.160936E+08,6.201957E+03,3.820858E-06,8.460588E-08,2.169060E-08,2.634892E-08,2.859810E-08
./CF3-Moar-Data-1.5kh-330C-06.40um-spot9-POS-1.txt,1.830000E+02,4.171358E+08,8.603081E+03,3.798433E-06,8.870392E-08,2.239591E-08,2.628309E-08,2.929382E-08
./CF3-Moar-Data-10kh-290C-06.40um-spot0-POS-1.txt,1.820000E+02,3.330617E+08,1.676196E+04,3.949406E-06,3.313878E-08,2.583179E-08,3.291768E-08,3.014081E-08
./CF3-Moar-Data-10kh-290C-06.40um-spot1-POS-1.txt,1.820000E+02,3.319040E+08,3.154374E+04,3.954236E-06,3.372018E-08,2.120990E-08,3.303250E-08,2.459390E-08
./CF3-Moar-Data-10kh-290C-06.40um-spot10-POS-1.txt,1.830000E+02,4.582455E+08,2.987962E+03,4.463776E-06,3.375816E-08,2.209435E-08,2.392521E-08,2.555146E-08
./CF3-Moar-Data-10kh-290C-06.40um-spot11-POS-1.txt,1.830000E+02,4.590064E+08,2.314316E+03,4.157700E-06,2.964171E-08,2.106767E-08,2.388554E-08,2.333538E-08
./CF3-Moar-Data-10kh-290C-06.40um-spot12-POS-1.txt,1.820000E+02,4.585759E+08,3.434869E+03,4.584478E-06,3.713336E-08,2.192892E-08,2.390797E-08,2.611949E-08
./CF3-Moar-Data-10kh-290C-06.40um-spot13-POS-1.txt,1.830000E+02,3.315912E+08,3.354036E+04,3.483303E-06,3.584250E-08,1.483362E-08,3.306366E-08,2.126560E-08
./CF3-Moar-Data-10kh-290C-06.40um-spot14-POS-1.txt,1.830000E+02,3.175689E+08,3.929325E+05,3.984228E-06,4.172823E-08,1.591549E-09,3.452359E-08,6.001253E-09
./CF3-Moar-Data-10kh-290C-06.40um-spot15-POS-1.txt,1.800000E+02,3.282533E+08,6.849921E+04,3.824474E-06,7.310530E-08,9.295538E-09,3.339987E-08,1.351160E-08
./CF3-Moar-Data-10kh-290C-06.40um-spot16-POS-1.txt,1.820000E+02,3.325513E+08,2.075959E+04,3.563874E-06,3.311530E-08,1.870628E-08,3.296820E-08,2.234129E-08
./CF3-Moar-Data-10kh-290C-06.40um-spot17-POS-1.txt,1.820000E+02,3.314632E+08,4.762286E+04,3.740495E-06,3.262293E-08,1.203545E-08,3.307642E-08,1.615126E-08
./CF3-Moar-Data-10kh-290C-06.40um-spot18-POS-1.txt,1.810000E+02,3.314096E+08,1.713363E+04,3.675571E-06,3.296659E-08,1.965671E-08,3.308177E-08,2.305552E-08
./CF3-Moar-Data-10kh-290C-06.40um-spot19-POS-1.txt,1.830000E+02,3.286096E+08,3.966111E+05,3.547646E-06,3.125014E-08,1.591550E-09,3.336365E-08,1.352846E-08
./CF3-Moar-Data-10kh-290C-06.40um-spot2-POS-1.txt,1.820000E+02,4.184564E+08,3.110892E+03,4.310762E-06,2.931972E-08,1.991480E-08,2.620014E-08,2.190595E-08
./CF3-Moar-Data-10kh-290C-06.40um-spot20-POS-1.txt,1.820000E+02,3.788688E+08,4.762150E+03,3.483849E-06,3.694963E-08,1.883443E-08,2.893777E-08,2.290155E-08
./CF3-Moar-Data-10kh-290C-06.40um-spot21-POS-1.txt,1.820000E+02,3.922830E+08,7.603376E+03,3.369484E-06,7.501190E-08,2.258322E-08,2.794823E-08,3.043205E-08
./CF3-Moar-Data-10kh-290C-06.40um-spot22-POS-1.txt,1.820000E+02,3.890784E+08,1.507807E+04,3.241187E-06,6.605653E-08,2.163796E-08,2.817843E-08,2.781700E-08
./CF3-Moar-Data-10kh-290C-06.40um-spot23-POS-1.txt,1.830000E+02,3.910103E+08,1.046331E+04,3.136146E-06,7.108528E-08,2.136075E-08,2.803920E-08,2.932095E-08
./CF3-Moar-Data-10kh-290C-06.40um-spot24-POS-1.txt,1.810000E+02,3.907055E+08,9.590079E+03,3.116090E-06,7.283564E-08,2.119752E-08,2.806108E-08,2.620271E-08
./CF3-Moar-Data-10kh-290C-06.40um-spot25-POS-1.txt,1.840000E+02,4.589566E+08,3.540293E+03,4.027217E-06,2.879688E-08,1.774564E-08,2.388813E-08,2.061597E-08
./CF3-Moar-Data-10kh-290C-06.40um-spot26-POS-1.txt,1.810000E+02,4.591516E+08,4.591276E+03,4.072280E-06,3.457596E-08,1.747815E-08,2.387799E-08,2.042619E-08
./CF3-Moar-Data-10kh-290C-06.40um-spot27-POS-1.txt,1.830000E+02,4.585212E+08,2.480080E+03,4.338790E-06,3.137585E-08,2.323792E-08,2.391082E-08,2.681121E-08
./CF3-Moar-Data-10kh-290C-06.40um-spot28-POS-1.txt,1.830000E+02,4.585661E+08,2.643972E+03,4.137667E-06,3.023183E-08,2.223997E-08,2.390848E-08,2.569604E-08
./CF3-Moar-Data-10kh-290C-06.40um-spot29-POS-1.txt,1.820000E+02,4.585416E+08,2.834748E+03,4.320167E-06,6.739014E-08,2.059525E-08,2.390975E-08,2.457196E-08
./CF3-Moar-Data-10kh-290C-06.40um-spot3-POS-1.txt,1.820000E+02,4.188779E+08,3.855169E+03,4.626387E-06,3.385304E-08,1.994751E-08,2.617378E-08,2.259554E-08
./CF3-Moar-Data-10kh-290C-06.40um-spot30-POS-1.txt,1.820000E+02,4.582478E+08,3.009634E+03,4.356596E-06,6.727226E-08,2.003166E-08,2.392509E-08,2.389308E-08
./CF3-Moar-Data-10kh-290C-06.40um-spot31-POS-1.txt,1.820000E+02,4.583243E+08,2.904711E+03,3.933541E-06,2.943346E-08,2.034954E-08,2.392109E-08,2.297820E-08
./CF3-Moar-Data-10kh-290C-06.40um-spot32-POS-1.txt,1.830000E+02,4.172679E+08,4.371779E+03,4.251912E-06,3.077176E-08,1.930444E-08,2.627477E-08,2.283111E-08
./CF3-Moar-Data-10kh-290C-06.40um-spot33-POS-1.txt,1.820000E+02,4.174528E+08,2.358111E+03,4.285587E-06,3.110616E-08,2.211944E-08,2.626313E-08,2.402551E-08
./CF3-Moar-Data-10kh-290C-06.40um-spot34-POS-1.txt,1.830000E+02,4.177514E+08,2.992603E+03,4.277500E-06,3.261658E-08,2.163834E-08,2.624436E-08,2.402596E-08
./CF3-Moar-Data-10kh-290C-06.40um-spot35-POS-1.txt,1.820000E+02,4.178361E+08,3.286182E+03,4.491441E-06,3.223049E-08,2.297220E-08,2.623904E-08,2.594204E-08
./CF3-Moar-Data-10kh-290C-06.40um-spot36-POS-1.txt,1.820000E+02,4.193518E+08,3.432094E+03,4.137097E-06,3.054979E-08,2.226242E-08,2.614420E-08,2.572514E-08
./CF3-Moar-Data-10kh-290C-06.40um-spot37-POS-1.txt,1.830000E+02,4.168473E+08,1.037732E+04,4.278766E-06,3.027519E-08,1.596952E-08,2.630128E-08,1.844068E-08
./CF3-Moar-Data-10kh-290C-06.40um-spot38-POS-1.txt,1.820000E+02,3.348030E+08,3.913019E+04,4.033701E-06,3.178837E-08,1.771026E-08,3.274647E-08,2.099496E-08
./CF3-Moar-Data-10kh-290C-06.40um-spot39-POS-1.txt,1.830000E+02,3.326057E+08,3.550174E+04,3.792670E-06,3.097935E-08,1.813101E-08,3.296280E-08,2.241118E-08
./CF3-Moar-Data-10kh-290C-06.40um-spot4-POS-1.txt,1.830000E+02,4.172928E+08,3.817471E+03,4.547241E-06,3.032997E-08,1.889190E-08,2.627320E-08,2.158670E-08
./CF3-Moar-Data-10kh-290C-06.40um-spot5-POS-1.txt,1.820000E+02,3.935667E+08,3.348692E+03,4.398398E-06,3.272996E-08,2.168514E-08,2.785708E-08,2.439981E-08
./CF3-Moar-Data-10kh-290C-06.40um-spot6-POS-1.txt,1.830000E+02,3.923886E+08,3.600622E+03,4.704789E-06,3.415609E-08,2.070518E-08,2.794071E-08,2.056047E-08
./CF3-Moar-Data-10kh-290C-06.40um-spot7-POS-1.txt,1.410000E+02,3.927284E+08,2.527598E+03,4.539604E-06,3.175500E-08,2.521949E-08,2.791654E-08,2.614627E-08
./CF3-Moar-Data-10kh-290C-06.40um-spot8-POS-1.txt,1.830000E+02,3.934473E+08,1.574788E+04,3.982465E-06,3.898471E-08,1.691785E-08,2.786553E-08,1.719341E-08
./CF3-Moar-Data-10kh-290C-06.40um-spot9-POS-1.txt,1.820000E+02,4.592177E+08,2.901243E+03,4.500229E-06,3.156222E-08,2.139064E-08,2.387455E-08,2.478520E-08
./CF3-Moar-Data-10kh-330C-06.40um-spot0-POS-1.txt,1.820000E+02,3.722338E+08,4.952516E+03,3.677698E-06,6.117919E-08,2.432106E-08,2.945358E-08,2.515860E-08
./CF3-Moar-Data-10kh-330C-06.40um-spot1-POS-1.txt,1.830000E+02,3.809847E+08,1.330549E+05,3.980789E-06,6.875171E-08,2.818939E-09,2.877705E-08,5.369728E-09
./CF3-Moar-Data-10kh-330C-06.40um-spot10-POS-1.txt,1.830000E+02,3.538109E+08,4.026895E+03,3.497171E-06,5.025774E-08,2.359071E-08,3.098722E-08,2.579145E-08
./CF3-Moar-Data-10kh-330C-06.40um-spot11-POS-1.txt,1.820000E+02,3.542944E+08,3.175846E+03,3.689433E-06,4.954954E-08,2.479212E-08,3.094494E-08,2.621519E-08
./CF3-Moar-Data-10kh-330C-06.40um-spot12-POS-1.txt,1.810000E+02,3.540280E+08,3.352483E+03,3.472821E-06,5.357810E-08,2.689906E-08,3.096822E-08,2.895380E-08
./CF3-Moar-Data-10kh-330C-06.40um-spot13-POS-1.txt,1.820000E+02,3.535772E+08,3.327645E+03,3.599804E-06,5.089071E-08,2.804261E-08,3.100770E-08,3.125199E-08
./CF3-Moar-Data-10kh-330C-06.40um-spot14-POS-1.txt,1.810000E+02,3.533961E+08,2.963415E+03,3.576051E-06,5.699412E-08,2.975717E-08,3.102360E-08,3.321370E-08
./CF3-Moar-Data-10kh-330C-06.40um-spot15-POS-1.txt,1.820000E+02,3.545807E+08,2.744681E+03,3.558511E-06,5.460952E-08,3.053454E-08,3.091995E-08,3.523563E-08
./CF3-Moar-Data-10kh-330C-06.40um-spot16-POS-1.txt,1.820000E+02,3.546158E+08,3.322242E+03,3.588770E-06,5.603319E-08,2.849176E-08,3.091689E-08,3.156256E-08
./CF3-Moar-Data-10kh-330C-06.40um-spot17-POS-1.txt,1.820000E+02,3.541347E+08,3.005961E+03,3.602888E-06,5.836908E-08,2.840353E-08,3.095889E-08,3.003226E-08
./CF3-Moar-Data-10kh-330C-06.40um-spot18-POS-1.txt,1.820000E+02,3.543067E+08,3.050667E+03,3.605073E-06,5.557088E-08,2.925704E-08,3.094386E-08,3.255387E-08
./CF3-Moar-Data-10kh-330C-06.40um-spot19-POS-1.txt,1.820000E+02,3.539429E+08,3.947225E+03,3.477275E-06,5.520496E-08,2.823042E-08,3.097567E-08,2.993550E-08
./CF3-Moar-Data-10kh-330C-06.40um-spot2-POS-1.txt,1.820000E+02,4.176554E+08,2.487906E+03,3.991760E-06,5.965682E-08,2.238102E-08,2.625039E-08,2.496405E-08
./CF3-Moar-Data-10kh-330C-06.40um-spot20-POS-1.txt,9.000000E+01,3.557151E+08,3.158895E+03,4.485132E-06,6.414887E-08,2.959974E-08,3.082134E-08,3.194182E-08
./CF3-Moar-Data-10kh-330C-06.40um-spot21-POS-1.txt,1.820000E+02,3.532164E+08,3.012065E+03,3.677772E-06,5.813230E-08,2.993055E-08,3.103938E-08,3.225232E-08
./CF3-Moar-Data-10kh-330C-06.40um-spot22-POS-1.txt,1.830000E+02,3.539457E+08,2.695755E+03,3.351308E-06,5.828915E-08,3.193854E-08,3.097542E-08,3.699345E-08
./CF3-Moar-Data-10kh-330C-06.40um-spot23-POS-1.txt,1.830000E+02,3.539694E+08,3.128591E+03,3.532392E-06,5.602926E-08,2.814615E-08,3.097335E-08,2.948114E-08
./CF3-Moar-Data-10kh-330C-06.40um-spot24-POS-1.txt,1.820000E+02,3.539153E+08,2.702219E+03,3.360799E-06,6.065756E-08,2.933521E-08,3.097808E-08,3.132145E-08
./CF3-Moar-Data-10kh-330C-06.40um-spot25-POS-1.txt,1.820000E+02,3.531818E+08,2.471329E+03,3.595024E-06,6.412167E-08,3.314594E-08,3.104242E-08,3.868066E-08
./CF3-Moar-Data-10kh-330C-06.40um-spot26-POS-1.txt,1.830000E+02,3.532183E+08,4.452409E+03,3.435599E-06,6.057415E-08,2.322163E-08,3.103921E-08,2.517454E-08
./CF3-Moar-Data-10kh-330C-06.40um-spot27-POS-1.txt,1.820000E+02,3.518907E+08,3.559375E+03,3.927343E-06,5.257041E-08,2.769805E-08,3.115631E-08,3.114969E-08
./CF3-Moar-Data-10kh-330C-06.40um-spot28-POS-1.txt,1.830000E+02,3.527270E+08,3.343681E+03,3.776789E-06,5.087190E-08,2.888524E-08,3.108245E-08,3.239084E-08
./CF3-Moar-Data-10kh-330C-06.40um-spot29-POS-1.txt,1.820000E+02,3.363638E+08,2.928678E+03,3.054926E-06,6.624022E-08,2.552735E-08,3.259453E-08,2.905793E-08
./CF3-Moar-Data-10kh-330C-06.40um-spot3-POS-1.txt,1.830000E+02,3.715144E+08,6.069336E+03,3.675430E-06,6.062497E-08,2.631529E-08,2.951061E-08,3.060891E-08
./CF3-Moar-Data-10kh-330C-06.40um-spot30-POS-1.txt,1.830000E+02,3.353187E+08,2.572922E+03,3.189473E-06,7.334299E-08,2.891916E-08,3.269612E-08,3.354481E-08
./CF3-Moar-Data-10kh-330C-06.40um-spot31-POS-1.txt,1.820000E+02,4.237754E+08,2.749389E+03,4.009080E-06,7.083573E-08,2.393793E-08,2.587129E-08,2.856077E-08
./CF3-Moar-Data-10kh-330C-06.40um-spot32-POS-1.txt,1.830000E+02,4.237204E+08,2.752442E+03,3.877827E-06,6.552891E-08,2.450044E-08,2.587465E-08,2.945130E-08
./CF3-Moar-Data-10kh-330C-06.40um-spot33-POS-1.txt,1.820000E+02,4.232395E+08,2.660547E+03,4.076551E-06,6.531802E-08,2.394685E-08,2.590405E-08,2.921308E-08
./CF3-Moar-Data-10kh-330C-06.40um-spot34-POS-1.txt,1.830000E+02,4.236914E+08,2.307155E+03,3.903694E-06,6.019689E-08,2.389939E-08,2.587642E-08,2.743721E-08
./CF3-Moar-Data-10kh-330C-06.40um-spot35-POS-1.txt,1.830000E+02,3.346615E+08,2.510931E+03,3.020316E-06,6.273276E-08,2.688789E-08,3.276032E-08,2.913813E-08
./CF3-Moar-Data-10kh-330C-06.40um-spot36-POS-1.txt,1.820000E+02,4.187882E+08,2.515192E+03,4.006126E-06,5.268189E-08,2.237013E-08,2.617939E-08,2.518265E-08
./CF3-Moar-Data-10kh-330C-06.40um-spot37-POS-1.txt,1.830000E+02,3.359069E+08,2.166985E+03,3.144749E-06,6.398182E-08,3.092743E-08,3.263885E-08,3.517808E-08
./CF3-Moar-Data-10kh-330C-06.40um-spot38-POS-1.txt,1.840000E+02,3.383116E+08,5.619376E+03,2.978736E-06,6.320903E-08,1.786123E-08,3.240686E-08,1.843566E-08
./CF3-Moar-Data-10kh-330C-06.40um-spot39-POS-1.txt,1.830000E+02,3.549046E+08,3.908204E+03,3.537656E-06,5.744661E-08,2.583035E-08,3.089173E-08,2.864721E-08
./CF3-Moar-Data-10kh-330C-06.40um-spot4-POS-1.txt,1.810000E+02,3.715824E+08,7.034430E+03,3.661188E-06,6.190018E-08,2.537493E-08,2.950521E-08,3.190286E-08
./CF3-Moar-Data-10kh-330C-06.40um-spot5-POS-1.txt,1.830000E+02,3.732743E+08,1.377457E+04,3.246644E-06,6.135916E-08,2.230594E-08,2.937148E-08,2.537151E-08
./CF3-Moar-Data-10kh-330C-06.40um-spot6-POS-1.txt,1.820000E+02,3.358116E+08,2.749067E+03,3.093343E-06,5.590221E-08,2.597211E-08,3.264812E-08,2.785466E-08
./CF3-Moar-Data-10kh-330C-06.40um-spot7-POS-1.txt,1.820000E+02,3.367584E+08,2.219041E+03,3.219173E-06,5.850170E-08,2.676208E-08,3.255633E-08,2.895575E-08
./CF3-Moar-Data-10kh-330C-06.40um-spot8-POS-1.txt,1.820000E+02,3.520595E+08,4.544548E+03,3.316160E-06,5.577857E-08,2.466464E-08,3.114138E-08,2.362148E-08
./CF3-Moar-Data-10kh-330C-06.40um-spot9-POS-1.txt,1.820000E+02,3.543815E+08,3.318148E+03,3.353813E-06,5.089114E-08,2.666035E-08,3.093733E-08,2.934735E-08
./CF3-Moar-Data-10kh-360C-06.40um-spot0-POS-1.txt,1.810000E+02,4.064681E+08,3.883349E+03,3.678436E-06,8.329236E-08,2.072901E-08,2.697288E-08,2.312287E-08
./CF3-Moar-Data-10kh-360C-06.40um-spot1-POS-1.txt,1.820000E+02,4.067343E+08,3.860042E+03,3.934366E-06,7.433460E-08,1.899689E-08,2.695523E-08,2.097533E-08
./CF3-Moar-Data-10kh-360C-06.40um-spot10-POS-1.txt,1.830000E+02,4.583883E+08,4.458806E+04,3.311560E-06,6.756076E-08,4.013442E-09,2.391775E-08,5.039481E-09
./CF3-Moar-Data-10kh-360C-06.40um-spot11-POS-1.txt,1.820000E+02,3.742107E+08,3.900796E+03,3.101661E-06,3.352623E-08,2.257335E-08,2.929798E-08,2.609483E-08
./CF3-Moar-Data-10kh-360C-06.40um-spot12-POS-1.txt,1.820000E+02,3.727733E+08,3.046093E+03,3.153853E-06,3.383289E-08,2.271497E-08,2.941095E-08,2.433538E-08
./CF3-Moar-Data-10kh-360C-06.40um-spot13-POS-1.txt,1.820000E+02,3.993630E+08,4.579870E+03,3.890382E-06,8.315825E-08,2.030553E-08,2.745276E-08,2.535726E-08
./CF3-Moar-Data-10kh-360C-06.40um-spot14-POS-1.txt,1.820000E+02,3.988840E+08,3.041847E+03,3.839969E-06,9.552381E-08,2.325743E-08,2.748573E-08,2.693500E-08
./CF3-Moar-Data-10kh-360C-06.40um-spot15-POS-1.txt,1.830000E+02,3.989976E+08,4.322279E+03,3.781851E-06,3.339068E-08,2.070592E-08,2.747790E-08,2.377599E-08
./CF3-Moar-Data-10kh-360C-06.40um-spot16-POS-1.txt,1.820000E+02,3.984042E+08,2.993861E+03,3.633813E-06,6.705080E-08,2.366255E-08,2.751883E-08,2.700915E-08
./CF3-Moar-Data-10kh-360C-06.40um-spot17-POS-1.txt,1.830000E+02,3.994187E+08,3.772659E+03,3.822092E-06,6.316635E-08,2.089389E-08,2.744893E-08,2.398963E-08
./CF3-Moar-Data-10kh-360C-06.40um-spot18-POS-1.txt,1.810000E+02,4.001819E+08,3.516073E+03,3.680978E-06,6.450207E-08,2.178763E-08,2.739658E-08,2.512833E-08
./CF3-Moar-Data-10kh-360C-06.40um-spot19-POS-1.txt,1.820000E+02,3.998278E+08,5.707017E+03,3.717996E-06,6.697052E-08,1.710372E-08,2.742085E-08,2.142941E-08
./CF3-Moar-Data-10kh-360C-06.40um-spot2-POS-1.txt,1.810000E+02,4.082537E+08,4.665042E+03,3.987686E-06,7.764099E-08,1.623034E-08,2.685492E-08,1.724477E-08
./CF3-Moar-Data-10kh-360C-06.40um-spot20-POS-1.txt,1.830000E+02,4.516821E+08,9.637079E+04,3.609841E-06,5.613608E-08,2.415384E-09,2.427286E-08,5.000024E-09
./CF3-Moar-Data-10kh-360C-06.40um-spot21-POS-1.txt,1.820000E+02,4.492679E+08,4.501831E+04,3.572216E-06,5.437984E-08,3.263549E-09,2.440330E-08,5.000022E-09
./CF3-Moar-Data-10kh-360C-06.40um-spot22-POS-1.txt,1.820000E+02,3.997825E+08,3.511324E+03,3.378622E-06,3.104838E-08,2.009856E-08,2.742395E-08,2.189403E-08
./CF3-Moar-Data-10kh-360C-06.40um-spot23-POS-1.txt,1.820000E+02,3.935954E+08,3.143002E+03,3.232611E-06,6.584871E-08,2.227227E-08,2.785505E-08,2.517472E-08
./CF3-Moar-Data-10kh-360C-06.40um-spot24-POS-1.txt,1.820000E+02,3.973282E+08,2.871224E+03,3.335096E-06,7.402121E-08,2.508637E-08,2.759335E-08,2.895527E-08
./CF3-Moar-Data-10kh-360C-06.40um-spot25-POS-1.txt,1.820000E+02,3.944520E+08,3.598403E+03,3.562273E-06,7.536906E-08,2.294817E-08,2.779455E-08,2.785814E-08
./CF3-Moar-Data-10kh-360C-06.40um-spot26-POS-1.txt,1.810000E+02,4.090791E+08,4.801419E+03,3.777254E-06,6.770131E-08,1.580051E-08,2.680073E-08,1.737904E-08
./CF3-Moar-Data-10kh-360C-06.40um-spot27-POS-1.txt,1.830000E+02,4.101546E+08,7.168526E+03,3.933421E-06,6.841478E-08,1.416227E-08,2.673045E-08,1.540070E-08
./CF3-Moar-Data-10kh-360C-06.40um-spot28-POS-1.txt,1.830000E+02,4.105816E+08,1.087037E+04,3.645745E-06,7.286067E-08,1.115005E-08,2.670265E-08,1.199617E-08
./CF3-Moar-Data-10kh-360C-06.40um-spot29-POS-1.txt,1.830000E+02,4.095149E+08,1.427407E+04,3.828939E-06,6.913482E-08,9.336715E-09,2.677221E-08,1.041884E-08
./CF3-Moar-Data-10kh-360C-06.40um-spot3-POS-1.txt,1.270000E+02,3.974963E+08,5.840282E+03,3.705613E-06,3.356507E-08,1.380937E-08,2.758169E-08,1.393238E-08
./CF3-Moar-Data-10kh-360C-06.40um-spot30-POS-1.txt,1.820000E+02,4.079672E+08,4.127369E+03,4.063147E-06,8.409656E-08,1.927720E-08,2.687377E-08,2.136853E-08
./CF3-Moar-Data-10kh-360C-06.40um-spot31-POS-1.txt,1.820000E+02,4.075982E+08,3.807027E+03,4.019477E-06,7.822146E-08,2.361211E-08,2.689810E-08,2.647419E-08
./CF3-Moar-Data-10kh-360C-06.40um-spot32-POS-1.txt,1.830000E+02,4.049497E+08,4.547710E+03,3.703560E-06,7.018764E-08,2.134330E-08,2.707402E-08,2.449364E-08
./CF3-Moar-Data-10kh-360C-06.40um-spot33-POS-1.txt,1.810000E+02,4.071443E+08,4.815247E+03,3.922782E-06,7.104196E-08,1.874172E-08,2.692809E-08,2.139713E-08
./CF3-Moar-Data-10kh-360C-06.40um-spot34-POS-1.txt,1.810000E+02,3.260925E+08,1.673044E+04,3.928539E-06,3.443936E-08,1.966493E-08,3.362118E-08,2.554048E-08
./CF3-Moar-Data-10kh-360C-06.40um-spot35-POS-1.txt,1.820000E+02,3.295277E+08,6.008728E+04,3.945354E-06,3.380896E-08,4.808147E-09,3.327070E-08,6.245936E-09
./CF3-Moar-Data-10kh-360C-06.40um-spot36-POS-1.txt,1.830000E+02,3.607707E+08,3.189076E+03,3.502728E-06,3.148552E-08,2.319829E-08,3.038943E-08,2.477600E-08
./CF3-Moar-Data-10kh-360C-06.40um-spot37-POS-1.txt,1.820000E+02,3.632208E+08,3.986361E+03,3.592300E-06,3.009078E-08,1.772495E-08,3.018445E-08,1.745435E-08
./CF3-Moar-Data-10kh-360C-06.40um-spot38-POS-1.txt,1.820000E+02,3.613433E+08,3.775374E+03,3.545698E-06,3.092972E-08,1.870417E-08,3.034128E-08,2.096838E-08
./CF3-Moar-Data-10kh-360C-06.40um-spot39-POS-1.txt,1.800000E+02,3.615439E+08,3.945101E+03,3.326492E-06,3.230737E-08,2.026163E-08,3.032445E-08,2.095016E-08
./CF3-Moar-Data-10kh-360C-06.40um-spot4-POS-1.txt,1.810000E+02,4.033113E+08,2.497527E+03,3.552984E-06,7.368025E-08,2.268138E-08,2.718401E-08,2.321000E-08
./CF3-Moar-Data-10kh-360C-06.40um-spot5-POS-1.txt,1.820000E+02,4.014772E+08,3.465681E+03,3.287283E-06,7.340474E-08,2.398380E-08,2.730820E-08,2.418953E-08
./CF3-Moar-Data-10kh-360C-06.40um-spot6-POS-1.txt,1.820000E+02,4.531892E+08,1.006376E+05,3.393216E-06,6.228416E-08,2.342927E-09,2.419214E-08,5.000022E-09
./CF3-Moar-Data-10kh-360C-06.40um-spot7-POS-1.txt,1.820000E+02,4.564382E+08,3.656709E+04,3.806115E-06,5.733476E-08,4.007525E-09,2.401994E-08,5.000023E-09
./CF3-Moar-Data-10kh-360C-06.40um-spot8-POS-1.txt,1.830000E+02,4.536024E+08,6.481285E+04,3.622800E-06,5.444699E-08,3.050348E-09,2.417011E-08,5.000022E-09
./CF3-Moar-Data-10kh-360C-06.40um-spot9-POS-1.txt,1.830000E+02,4.543488E+08,7.312223E+04,3.304694E-06,6.687127E-08,2.935751E-09,2.413040E-08,5.000022E-09
./CF3-Moar-Data-10kh-400C-06.40um-spot0-POS-1.txt,1.810000E+02,3.979481E+08,2.441835E+03,3.457596E-06,3.356288E-08,2.188561E-08,2.755037E-08,2.564943E-08
./CF3-Moar-Data-10kh-400C-06.40um-spot1-POS-1.txt,1.820000E+02,3.981854E+08,2.521850E+03,3.328833E-06,4.030170E-08,2.436872E-08,2.753395E-08,2.942165E-08
./CF3-Moar-Data-10kh-400C-06.40um-spot10-POS-1.txt,1.810000E+02,3.678284E+08,1.063586E+04,3.818252E-06,3.205193E-08,1.910317E-08,2.980634E-08,2.334621E-08
./CF3-Moar-Data-10kh-400C-06.40um-spot11-POS-1.txt,1.810000E+02,3.658233E+08,2.746275E+04,3.636550E-06,3.341982E-08,1.200912E-08,2.996971E-08,1.810046E-08
./CF3-Moar-Data-10kh-400C-06.40um-spot12-POS-1.txt,1.810000E+02,3.449420E+08,2.004105E+04,4.198368E-06,3.432774E-08,1.037394E-08,3.178395E-08,1.073295E-08
./CF3-Moar-Data-10kh-400C-06.40um-spot13-POS-1.txt,1.810000E+02,3.501192E+08,5.919823E+03,4.299726E-06,4.018323E-08,2.144619E-08,3.131396E-08,2.251324E-08
./CF3-Moar-Data-10kh-400C-06.40um-spot14-POS-1.txt,1.810000E+02,3.491044E+08,5.839821E+03,3.930171E-06,3.581079E-08,2.358770E-08,3.140499E-08,2.182467E-08
./CF3-Moar-Data-10kh-400C-06.40um-spot15-POS-1.txt,1.810000E+02,3.507803E+08,6.147384E+03,3.981684E-06,3.846858E-08,2.294459E-08,3.125494E-08,2.343192E-08
./CF3-Moar-Data-10kh-400C-06.40um-spot16-POS-1.txt,1.820000E+02,3.490825E+08,4.334387E+03,4.265483E-06,3.854670E-08,2.414195E-08,3.140695E-08,2.563301E-08
./CF3-Moar-Data-10kh-400C-06.40um-spot17-POS-1.txt,1.830000E+02,3.246369E+08,1.853687E+04,4.298081E-06,4.024611E-08,1.492337E-08,3.377194E-08,1.722351E-08
./CF3-Moar-Data-10kh-400C-06.40um-spot18-POS-1.txt,1.830000E+02,3.264484E+08,5.290329E+03,4.392194E-06,3.712833E-08,2.657201E-08,3.358453E-08,2.560838E-08
./CF3-Moar-Data-10kh-400C-06.40um-spot19-POS-1.txt,1.810000E+02,3.264395E+08,5.894816E+03,4.202825E-06,3.586566E-08,1.879310E-08,3.358545E-08,2.033356E-08
./CF3-Moar-Data-10kh-400C-06.40um-spot2-POS-1.txt,1.830000E+02,3.974879E+08,2.668295E+03,3.954017E-06,3.792796E-08,2.164590E-08,2.758227E-08,3.431960E-08
./CF3-Moar-Data-10kh-400C-06.40um-spot20-POS-1.txt,1.820000E+02,3.487449E+08,5.722379E+03,4.390548E-06,3.749873E-08,2.142940E-08,3.143736E-08,2.244445E-08
./CF3-Moar-Data-10kh-400C-06.40um-spot21-POS-1.txt,1.820000E+02,3.481820E+08,1.600043E+04,4.491178E-06,3.343711E-08,1.364450E-08,3.148818E-08,1.315559E-08
./CF3-Moar-Data-10kh-400C-06.40um-spot22-POS-1.txt,1.830000E+02,3.459278E+08,5.180870E+04,4.346728E-06,4.015882E-08,5.299350E-09,3.169337E-08,6.554352E-09
./CF3-Moar-Data-10kh-400C-06.40um-spot23-POS-1.txt,1.820000E+02,3.778982E+08,3.179240E+03,4.305894E-06,3.833655E-08,2.243509E-08,2.901209E-08,3.496557E-08
./CF3-Moar-Data-10kh-400C-06.40um-spot24-POS-1.txt,1.820000E+02,3.790549E+08,4.603517E+03,3.942556E-06,3.623141E-08,1.859022E-08,2.892356E-08,2.061463E-08
./CF3-Moar-Data-10kh-400C-06.40um-spot25-POS-1.txt,1.820000E+02,3.813803E+08,3.153953E+03,4.509366E-06,3.998634E-08,2.082441E-08,2.874721E-08,3.111034E-08
./CF3-Moar-Data-10kh-400C-06.40um-spot26-POS-1.txt,1.820000E+02,3.848270E+08,2.749188E+03,4.349886E-06,3.668055E-08,2.136207E-08,2.848973E-08,2.423032E-08
./CF3-Moar-Data-10kh-400C-06.40um-spot27-POS-1.txt,1.820000E+02,3.845930E+08,2.995359E+03,3.879951E-06,2.990868E-08,2.501039E-08,2.850707E-08,2.810087E-08
./CF3-Moar-Data-10kh-400C-06.40um-spot28-POS-1.txt,1.820000E+02,3.857155E+08,2.323746E+03,4.211202E-06,2.790570E-08,2.632753E-08,2.842410E-08,2.912870E-08
./CF3-Moar-Data-10kh-400C-06.40um-spot29-POS-1.txt,1.830000E+02,3.888985E+08,5.425085E+03,4.061517E-06,2.775010E-08,1.756280E-08,2.819146E-08,1.852348E-08
./CF3-Moar-Data-10kh-400C-06.40um-spot3-POS-1.txt,1.820000E+02,3.986583E+08,4.045308E+03,3.509451E-06,6.337211E-08,1.906502E-08,2.750129E-08,2.308996E-08
./CF3-Moar-Data-10kh-400C-06.40um-spot30-POS-1.txt,1.820000E+02,3.673579E+08,9.877945E+03,3.711929E-06,6.085679E-08,2.111157E-08,2.984451E-08,2.418832E-08
./CF3-Moar-Data-10kh-400C-06.40um-spot31-POS-1.txt,1.820000E+02,3.665752E+08,1.147068E+04,3.834791E-06,2.921515E-08,2.253776E-08,2.990823E-08,2.586616E-08
./CF3-Moar-Data-10kh-400C-06.40um-spot32-POS-1.txt,1.810000E+02,3.758849E+08,2.606947E+04,3.787568E-06,2.889054E-08,1.156686E-08,2.916748E-08,1.416812E-08
./CF3-Moar-Data-10kh-400C-06.40um-spot33-POS-1.txt,1.830000E+02,3.685448E+08,4.059690E+03,3.824364E-06,5.251424E-08,2.574108E-08,2.974840E-08,2.899854E-08
./CF3-Moar-Data-10kh-400C-06.40um-spot34-POS-1.txt,1.820000E+02,3.771490E+08,7.853987E+03,3.657291E-06,3.214295E-08,2.140754E-08,2.906972E-08,2.143146E-08
./CF3-Moar-Data-10kh-400C-06.40um-spot35-POS-1.txt,1.820000E+02,3.678910E+08,5.418179E+03,3.275095E-06,6.374108E-08,2.446202E-08,2.980126E-08,2.813543E-08
./CF3-Moar-Data-10kh-400C-06.40um-spot36-POS-1.txt,1.830000E+02,3.660963E+08,8.061374E+03,3.348684E-06,6.752345E-08,2.040224E-08,2.994736E-08,2.264356E-08
./CF3-Moar-Data-10kh-400C-06.40um-spot37-POS-1.txt,1.830000E+02,3.653565E+08,9.168830E+03,3.539343E-06,3.157980E-08,2.256978E-08,3.000800E-08,2.602937E-08
./CF3-Moar-Data-10kh-400C-06.40um-spot38-POS-1.txt,1.820000E+02,3.832958E+08,1.572785E+04,3.531689E-06,7.237535E-08,1.185738E-08,2.860354E-08,1.401462E-08
./CF3-Moar-Data-10kh-400C-06.40um-spot39-POS-1.txt,1.830000E+02,3.849045E+08,4.128878E+03,3.568330E-06,2.914396E-08,1.901105E-08,2.848399E-08,2.071178E-08
./CF3-Moar-Data-10kh-400C-06.40um-spot4-POS-1.txt,1.810000E+02,3.973308E+08,2.248221E+03,3.336970E-06,3.349718E-08,2.468293E-08,2.759317E-08,2.881602E-08
./CF3-Moar-Data-10kh-400C-06.40um-spot5-POS-1.txt,1.830000E+02,3.714517E+08,4.411821E+04,3.160928E-06,3.820880E-08,6.576259E-09,2.951560E-08,9.094477E-09
./CF3-Moar-Data-10kh-400C-06.40um-spot6-POS-1.txt,1.820000E+02,3.678913E+08,5.316920E+03,4.058635E-06,3.862784E-08,2.416623E-08,2.980124E-08,3.027434E-08
./CF3-Moar-Data-10kh-400C-06.40um-spot7-POS-1.txt,1.820000E+02,3.679632E+08,8.260468E+03,3.640657E-06,3.107704E-08,2.081580E-08,2.979542E-08,2.022004E-08
./CF3-Moar-Data-10kh-400C-06.40um-spot8-POS-1.txt,1.830000E+02,3.642477E+08,1.212664E+04,4.040613E-06,3.622518E-08,1.187071E-08,3.009934E-08,1.312861E-08
./CF3-Moar-Data-10kh-400C-06.40um-spot9-POS-1.txt,1.830000E+02,3.503708E+08,8.774153E+03,3.235600E-06,6.640639E-08,1.510447E-08,3.129147E-08,1.552688E-08
